date,start_timestamp_bits,count_bits,zero_count_bits,sum_bits,zero_threshold_bits,bucket_bits
2026-01-01 00:00:00,0,4607182418800017408,0,4593671619917905920,0,4607182418800017408
2026-01-01 00:00:10,0,4611686018427387904,0,4598175219545276416,0,4611686018427387904
2026-01-01 00:00:20,0,4613937818241073152,0,4600427019358961664,0,4613937818241073152
2026-01-01 00:00:30,0,4616189618054758400,0,4602678819172646912,0,4616189618054758400
2026-01-01 00:00:40,0,4617315517961601024,0,4603804719079489536,0,4617315517961601024
2026-01-01 00:00:50,0,4618441417868443648,0,4604930618986332160,0,4618441417868443648
2026-01-01 00:01:00,0,4619567317775286272,0,4606056518893174784,0,4619567317775286272
2026-01-01 00:01:10,0,4620693217682128896,0,4607182418800017408,0,4620693217682128896
2026-01-01 00:01:20,0,4621256167635550208,0,4607745368753438720,0,4621256167635550208
2026-01-01 00:01:30,0,4621819117588971520,0,4608308318706860032,0,4621819117588971520
2026-01-01 00:01:40,0,4622382067542392832,0,4608871268660281344,0,4622382067542392832
2026-01-01 00:01:50,0,4622945017495814144,0,4609434218613702656,0,4622945017495814144
2026-01-01 00:02:00,0,4623507967449235456,0,4609997168567123968,0,4623507967449235456
2026-01-01 00:02:10,0,4624070917402656768,0,4610560118520545280,0,4624070917402656768
2026-01-01 00:02:20,0,4624633867356078080,0,4611123068473966592,0,4624633867356078080
2026-01-01 00:02:30,0,4625196817309499392,0,4611686018427387904,0,4625196817309499392
