date,channel0,channel1,channel2
2026-01-01 00:00:00,0.125,0.19253778823351747,0.19798164543160721
2026-01-01 00:00:10,0.266855556504834,0.32508162371838861,0.33024948059907544
2026-01-01 00:00:20,0.40478242193029385,0.45424823885030136,0.46012976183364346
2026-01-01 00:00:30,0.53595183794620105,0.57728122421416095,0.58486018571416309
2026-01-01 00:00:40,0.65766041855237922,0.6915443907403126,0.70179054441226996
2026-01-01 00:00:50,0.7673854835501821,0.79457654821190149,0.80843761997748365
2026-01-01 00:01:00,0.86283680987953959,0.88414274877014187,0.90253660976451933
2026-01-01 00:01:10,0.94200374353021199,0.95828094232025363,0.98208802840311804
2026-01-01 00:01:20,1.0031967084599227,1.015343084040909,1.0453991244769194
2026-01-01 00:01:30,1.0450822623380833,1.0540298471310501,1.091118962491882
2026-01-01 00:01:40,1.0667109796781824,1.0734182241898744,1.1182664504807289
2026-01-01 00:01:50,1.0675375883668856,1.0729814455649755,1.1262507380583127
2026-01-01 00:02:00,1.0474329427859463,1.0526007996666331,1.114883565964107
2026-01-01 00:02:10,1.0066875824569319,1.0125691054402739,1.0843833129130638
2026-01-01 00:02:20,0.94600679604679061,0.95358575754679276,1.0353706555608722
2026-01-01 00:02:30,0.86649728317673147,0.87674343684868894,0.96885592910419649
2026-01-01 00:02:40,0.76964567726504096,0.78350674903062312,0.88621844597536448
2026-01-01 00:02:50,0.65728935813000522,0.67568321912438278,0.78917819478490603
2026-01-01 00:03:00,0.53158013991300079,0.55538722599586521,0.6797604977519347
2026-01-01 00:03:10,0.3949415648608805,0.42499760529689085,0.5602543491545543
2026-01-01 00:03:20,0.250020663678722,0.28710977903955393,0.43316528688368616
2026-01-01 00:03:30,0.099635155877617815,0.14448338216847229,0.30116376134783474
2026-01-01 00:03:40,-0.053282843498770091,-1.3551005432960173e-05,0.16703005846167124
2026-01-01 00:03:50,-0.20574547307500624,-0.14346270677753253,0.033596904367488717
2026-01-01 00:04:00,-0.35476894437082207,-0.28295473689803219,-0.0963090725651264
2026-01-01 00:04:10,-0.49743332103238891,-0.41564842301830957,-0.21992582302095121
2026-01-01 00:04:20,-0.63094104850596677,-0.53882855625045911,-0.33461310245962778
2026-01-01 00:04:30,-0.75267304962587855,-0.64996135268113731,-0.43790726751600773
2026-01-01 00:04:40,-0.86024125069014112,-0.74674627502961788,-0.52757251838337227
2026-01-01 00:04:50,-0.95153647476968428,-0.82716320301361501,-0.60164753452717612
2026-01-01 00:05:00,-1.0247707327749873,-0.88951398891732381,-0.65848654463934531
2026-01-01 00:05:10,-1.0785130562816354,-0.93245754843750328,-0.69679398491951661
2026-01-01 00:05:20,-1.1117181469872304,-0.95503776780786798,-0.71565203025594937
2026-01-01 00:05:30,-1.1237472632758494,-0.95670365380874511,-0.71454042801789031
2026-01-01 00:05:40,-1.1143809217424945,-0.93732131059747326,-0.69334822100643967
2026-01-01 00:05:50,-1.083823157478915,-0.89717749314600925,-0.65237711144711452
2026-01-01 00:06:00,-1.0326972580694826,-0.83697465807212434,-0.59233638837507807
2026-01-01 00:06:10,-0.96203305911149761,-0.75781760532066622,-0.51432951288901929
2026-01-01 00:06:20,-0.87324606014345685,-0.66119197497832727,-0.41983262602314686
2026-01-01 00:06:30,-0.76810878565922047,-0.54893502901297486,-0.31066540893703487
2026-01-01 00:06:40,-0.64871497303486547,-0.42319930454842658,-0.18895488138629524
2026-01-01 00:06:50,-0.5174373145036818,-0.2864098702257033,-0.057092868825971699
2026-01-01 00:07:00,-0.37687961082959653,-0.14121604731160986,0.082312001932964993
2026-01-01 00:07:10,-0.22982430739808002,0.0095614301538386043,0.22648680648993516
2026-01-01 00:07:20,-0.079176476769029863,0.16298674902182492,0.37255026167021738
2026-01-01 00:07:30,0.072094616576782594,0.31606770616781626,0.51757096430737959
2026-01-01 00:07:40,0.22101518497211459,0.46581556667100926,0.65862674728969572
2026-01-01 00:07:50,0.3646666109365394,0.60930488063358568,0.79286394661100434
2026-01-01 00:08:00,0.50024395640221031,0.74373204883385724,0.91755537416049826
2026-01-01 00:08:10,0.62511210362762482,0.86647145258280522,1.0301558165172748
2026-01-01 00:08:20,0.73685839231727623,0.97512801239321611,1.1283539295706475
2026-01-01 00:08:30,0.83334068921268178,1.0675851123748132,1.210119471363843
2026-01-01 00:08:40,0.91272991976820494,1.1420469211679365,1.2737449096850078
2026-01-01 00:08:50,0.97354620456921326,1.1970742538137882,1.3178805546948682
2026-01-01 00:09:00,1.0146878735855211,1.2316132499216177,1.3415624979740781
2026-01-01 00:09:10,1.0354527765211043,1.2450162891694967,1.344232785131114
2026-01-01 00:09:20,1.0355514644637223,1.2370547226032855,1.325751406570715
2026-01-01 00:09:30,1.0151119835578948,1.2079231641765813,1.2863998569815209
2026-01-01 00:09:40,0.97467619215023438,1.1582352581276532,1.2268761851847747
2026-01-01 00:09:50,0.91518768531052697,1.089011010637168,1.1482816287137898
2026-01-01 00:10:00,0.83797158130365379,1.0016559452381235,1.0520990983526153
2026-01-01 00:10:10,0.74470659000194883,0.89793250717938011,0.94016394337585873
2026-01-01 00:10:20,0.6373899400179236,0.77992429900695359,0.81462758503220745
2026-01-01 00:10:30,0.51829588631292567,0.64999387482999693,0.67791475071116913
2026-01-01 00:10:40,0.389928650248755,0.51073495112983514,0.53267517127712127
2026-01-01 00:10:50,0.25497075684856729,0.36492000490102766,0.38173071660032099
2026-01-01 00:11:00,0.11622782712749198,0.21544432308910932,0.22801903707011956
2026-01-01 00:11:10,-0.02342904514864419,0.065267638818785279,0.074534849953106774
2026-01-01 00:11:20,-0.16112215446690331,-0.08264546166196364,-0.075729942588855903
2026-01-01 00:11:30,-0.29402608010012948,-0.22538515304300799,-0.21984609315568271
2026-01-01 00:11:40,-0.4194254160313044,-0.36015479795468253,-0.35500559651430114
2026-01-01 00:11:50,-0.53477015673676476,-0.48432700362227277,-0.47857784013773785
2026-01-01 00:12:00,-0.63772760990259003,-0.59549617370611141,-0.58816218263641651
2026-01-01 00:12:10,-0.72622977875997308,-0.69152649273471922,-0.68163589726949159
2026-01-01 00:12:20,-0.79851524987527323,-0.77059437399410102,-0.75719651173729607
2026-01-01 00:12:30,-0.85316473501397672,-0.83122451486669069,-0.8133976891411393
2026-01-01 00:12:40,-0.88912954581028991,-0.87231883411099653,-0.84917792604166653
2026-01-01 00:12:50,-0.90575242475779039,-0.89317771077678021,-0.86388148928628805
2026-01-01 00:13:00,-0.90278031253520585,-0.89351310140088436,-0.85727117074566728
2026-01-01 00:13:10,-0.88036879670013024,-0.87345327762702252,-0.82953260509604665
2026-01-01 00:13:20,-0.83907815695431209,-0.8335390970669867,-0.78127006693221579
2026-01-01 00:13:30,-0.77986109403431447,-0.77471189259393314,-0.71349383631435459
2026-01-01 00:13:40,-0.70404239930442047,-0.69829323581988556,-0.62759939282639854
2026-01-01 00:13:50,-0.6132909868557529,-0.60595699578605799,-0.52533886387722639
2026-01-01 00:14:00,-0.50958486598629005,-0.49969427052106236,-0.40878530994080825
2026-01-01 00:14:10,-0.3951697761671582,-0.38177191391035326,-0.28029057451644984
2026-01-01 00:14:20,-0.27251233604957348,-0.25468551032402209,-0.14243755684669324
2026-01-01 00:14:30,-0.14424867009388076,-0.1211077620245507,0.0020121217886045484
2026-01-01 00:14:40,-0.013129568722877587,0.016166652767614489,0.15017399436864254
2026-01-01 00:14:50,0.1180366913663719,0.1542786220215891,0.29909903182448688
2026-01-01 00:15:00,0.24644269239684202,0.29036336492781784,0.44583315067520651
2026-01-01 00:15:10,0.36934018817810116,0.42160921831287212,0.58747673697312786
2026-01-01 00:15:20,0.48409718699812537,0.54531524327770386,0.72124297930753112
2026-01-01 00:15:30,0.58825263274831729,0.65894647574180465,0.84451382855035773
2026-01-01 00:15:40,0.67956756149676578,0.76018569340559727,0.95489245099911457
2026-01-01 00:15:50,0.75607168287899595,0.84698064345924995,1.0502511135781618
2026-01-01 00:16:00,0.81610442930400451,0.91758576869790798,1.1287735333282949
2026-01-01 00:16:10,0.85834962916531643,0.97059758264264517,1.1889908366356199
2026-01-01 00:16:20,0.8818630906919368,1.0049829745050918,1.2298104042136571
2026-01-01 00:16:30,0.88609252811038619,1.0200998697114141,1.250537023094477
2026-01-01 00:16:40,0.87088941845656431,1.0157098282594623,1.2508859238437595
2026-01-01 00:16:50,0.83651254247779516,0.99198232822518384,1.2309874466914528
2026-01-01 00:17:00,0.78362313323151322,0.94949065189176896,1.1913832508914888
2026-01-01 00:17:10,0.7132717277447076,0.88919946377453485,1.1330141539140757
2026-01-01 00:17:20,0.62687698694168748,0.81244433975024055,1.057199857522334
2026-01-01 00:17:30,0.52619691351004916,0.72090367110356635,0.96561098291947234
2026-01-01 00:17:40,0.41329305309834535,0.61656352321725694,0.86023399361026542
2026-01-01 00:17:50,0.2904884080443822,0.50167617267476916,0.74332972921570273
2026-01-01 00:18:00,0.16031992178333809,0.37871317577631264,0.61738640326884975
2026-01-01 00:18:10,0.025486503545857131,0.25031393325442236,0.4850680303621222
2026-01-01 00:18:20,-0.11120634534985155,0.11923080803321136,0.34915934062626652
2026-01-01 00:18:30,-0.24690417225627309,-0.011728076671975894,0.21250831051661495
2026-01-01 00:18:40,-0.37876230267394301,-0.13975718420767419,0.077967486821128015
2026-01-01 00:18:50,-0.50400445718075571,-0.26211185818103588,-0.051664695284354772
2026-01-01 00:19:00,-0.6199800561232528,-0.37616536598371209,-0.17370139990673455
2026-01-01 00:19:10,-0.72421903844415292,-0.47946352067205944,-0.28562250869522232
2026-01-01 00:19:20,-0.8144830710460006,-0.5697757592300946,-0.38512624361679088
2026-01-01 00:19:30,-0.88881209806383177,-0.64514162767082328,-0.47017624020613635
2026-01-01 00:19:40,-0.94556527385817535,-0.70391171731724178,-0.53904311077405698
2026-01-01 00:19:50,-0.983455437523445,-0.74478221003090783,-0.59033965016449952
2026-01-01 00:20:00,-1.0015764179175348,-0.76682232080983492,-0.62304896702686829
2026-01-01 00:20:10,-0.99942260398572302,-0.7694940713926679,-0.63654496855295484
2026-01-01 00:20:20,-0.97690037250874751,-0.75266398532015666,-0.63060478325641556
2026-01-01 00:20:30,-0.93433113114696675,-0.71660646011816453,-0.60541287144898026
2026-01-01 00:20:40,-0.87244590540444478,-0.66199874250776358,-0.56155674322154869
2026-01-01 00:20:50,-0.79237157042032724,-0.58990760434334977,-0.50001437549672589
2026-01-01 00:21:00,-0.69560899880002969,-0.50176798682319257,-0.42213358957652347
2026-01-01 00:21:10,-0.58400356055510116,-0.39935404494179744,-0.32960381509813219
2026-01-01 00:21:20,-0.45970856726818454,-0.28474317980349761,-0.2244208220749753
2026-01-01 00:21:30,-0.32514239665712152,-0.16027379011393672,-0.1088451465608056
2026-01-01 00:21:40,-0.18294016284240314,-0.028497602975994796,0.014644935504430363
2026-01-01 00:21:50,-0.035900909190994965,0.10787244459197168,0.1434049201599023
2026-01-01 00:22:00,0.1130686076598541,0.24601771049956711,0.27467901509427178
2026-01-01 00:22:10,0.26101240397560976,0.38307160603935092,0.40565737903865423
2026-01-01 00:22:20,0.40498483979415628,0.5161784284633405,0.5335344856789308
2026-01-01 00:22:30,0.54211006621766744,0.64255206550388233,0.65556741378086214
2026-01-01 00:22:40,0.66964014265000049,0.75953337149662437,0.7691328666081384
2026-01-01 00:22:50,0.78501064384238528,0.86464504108905438,0.87178174956277188
2026-01-01 00:23:00,0.88589262696075621,0.9556428568044214,0.9612901847628128
2026-01-01 00:23:10,0.9702399022306335,1.0305622599591557,1.0357059139796807
2026-01-01 00:23:20,1.0363306455622538,1.0877592891153851,1.0933891355040202
2026-01-01 00:23:30,1.0828025059845889,1.1259450444650141,1.133046934175528
2026-01-01 00:23:40,1.1086804923973463,1.1442129679652768,1.1537605946803877
2026-01-01 00:23:50,1.1133970704095364,1.1420583750042412,1.1550052336209093
2026-01-01 00:24:00,1.0968040578987992,1.1193898308981025,1.1366613428300023
2026-01-01 00:24:10,1.0591760741881397,1.0765321314037299,1.0990180017362363
2026-01-01 00:24:20,1.0012054690154868,1.0142208172924667,1.0427676869106752
2026-01-01 00:24:30,0.92398883028367251,0.93358832539518666,0.96899277876936962
2026-01-01 00:24:40,0.82900534040960516,0.83614204888332266,0.87914403525893514
2026-01-01 00:24:50,0.7180874164672959,0.7237347444256873,0.77501146675081212
2026-01-01 00:25:00,0.59338422587641559,0.59852787989694056,0.6586882019571384
2026-01-01 00:25:10,0.45731881394200402,0.46294866033063908,0.53252807828139892
2026-01-01 00:25:20,0.31253970916165591,0.31964159887216997,0.39909781869793381
2026-01-01 00:25:30,0.1618679842477333,0.17141561096284419,0.26112476838736404
2026-01-01 00:25:40,0.0082408429855753244,0.021187701602243467,0.12144125566917305
2026-01-01 00:25:50,-0.1453471265105597,-0.12807561457865987,-0.017073288599728884
2026-01-01 00:26:00,-0.29590384430595001,-0.27341797397344358,-0.15155127247585848
2026-01-01 00:26:10,-0.44049956593007711,-0.4119526963118687,-0.2791957420958131
2026-01-01 00:26:20,-0.57632543489479371,-0.54092098152061063,-0.39733783750701523
2026-01-01 00:26:30,-0.70074957691414519,-0.65774759053853271,-0.50349173068797781
